Samples,Temperature,Humidité,Humidité_sol,Consommation_eau
0,23.0,33.0,79.0,0.0
1,23.0,33.0,79.0,0.0
2,23.0,33.0,79.0,0.0
3,23.0,33.0,79.0,0.0
4,23.0,33.0,79.0,0.0
5,23.0,33.0,79.0,0.0
6,23.0,33.0,79.0,0.0
7,23.0,33.0,79.0,0.0
8,23.0,33.0,79.0,0.0
9,23.0,33.0,79.0,0.0
10,23.0,33.0,79.0,0.0
11,23.0,33.0,79.0,0.0
12,23.0,33.0,79.0,0.0
13,23.0,33.0,79.0,0.0
14,23.0,33.0,79.0,0.0
15,23.0,33.0,79.0,0.0
16,23.0,33.0,79.0,0.0
17,23.0,33.0,79.0,0.0
18,23.0,33.0,79.0,0.0
19,23.0,33.0,79.0,0.0
20,23.0,33.0,79.0,0.0
21,23.0,33.0,79.0,0.0
22,23.0,33.0,79.0,0.0
23,23.0,33.0,79.0,0.0
24,23.0,33.0,79.0,0.0
25,23.0,33.0,79.0,0.0
26,23.0,33.0,79.0,0.0
27,23.0,33.0,79.0,0.0
28,23.0,33.0,79.0,0.0
29,23.0,33.0,79.0,0.0
30,23.0,33.0,79.0,0.0
31,23.0,33.0,79.0,0.0
32,23.0,33.0,79.0,0.0
33,23.0,33.0,79.0,0.0
34,23.0,33.0,79.0,0.0
35,23.0,33.0,79.0,0.0
36,23.0,33.0,79.0,0.0
37,23.0,33.0,79.0,0.0
38,23.0,33.0,79.0,0.0
39,23.0,33.0,79.0,0.0
40,23.0,33.0,79.0,0.0
41,23.0,33.0,79.0,0.0
42,23.0,33.0,79.0,0.0
43,23.0,33.0,79.0,0.0
44,23.0,33.0,79.0,0.0
45,23.0,33.0,79.0,0.0
46,22.0,34.0,79.0,0.0
47,22.0,34.0,79.0,0.0
48,22.0,34.0,79.0,0.0
49,22.0,34.0,79.0,0.0
50,22.0,34.0,79.0,0.0
51,22.0,34.0,80.0,0.0
52,22.0,34.0,79.0,0.0
53,22.0,34.0,80.0,0.0
54,22.0,34.0,81.0,0.0
55,23.0,33.0,79.0,0.0
56,22.0,34.0,79.0,0.0
57,22.0,34.0,79.0,0.0
58,23.0,33.0,79.0,0.0
59,23.0,33.0,79.0,0.0
60,23.0,33.0,79.0,0.0
61,23.0,33.0,79.0,0.0
62,23.0,33.0,79.0,0.0
63,23.0,33.0,79.0,0.0
64,23.0,33.0,80.0,0.0
65,23.0,33.0,81.0,0.0
66,23.0,33.0,79.0,0.0
67,23.0,33.0,79.0,0.0
68,23.0,33.0,81.0,0.0
69,23.0,33.0,79.0,0.0
70,23.0,33.0,79.0,0.0
71,23.0,33.0,80.0,0.0
72,23.0,33.0,79.0,0.0
73,23.0,33.0,79.0,0.0
74,23.0,33.0,79.0,0.0
75,23.0,33.0,79.0,0.0
76,23.0,33.0,80.0,0.0
77,23.0,33.0,80.0,0.0
78,23.0,33.0,81.0,0.0
79,23.0,33.0,80.0,0.0
80,23.0,33.0,80.0,0.0
81,23.0,33.0,80.0,0.0
82,23.0,33.0,80.0,0.0
83,23.0,33.0,79.0,0.0
84,23.0,33.0,79.0,0.0
85,23.0,33.0,79.0,0.0
86,23.0,33.0,79.0,0.0
87,23.0,33.0,79.0,0.0
88,23.0,33.0,79.0,0.0
89,23.0,33.0,79.0,0.0
90,23.0,33.0,0.0,0.0
91,25.0,35.0,80.0,0.0
92,24.0,35.0,81.0,9.0
93,23.0,35.0,80.0,18.0
94,23.0,33.0,79.0,30.0
95,23.0,33.0,79.0,30.0
96,23.0,33.0,79.0,30.0
97,23.0,33.0,79.0,30.0
98,23.0,33.0,79.0,30.0
99,23.0,33.0,79.0,30.0
100,23.0,33.0,79.0,30.0
101,23.0,33.0,79.0,30.0
102,23.0,33.0,79.0,30.0
103,23.0,33.0,79.0,30.0
104,23.0,33.0,79.0,30.0
105,23.0,33.0,79.0,30.0
106,23.0,33.0,79.0,30.0
107,23.0,33.0,79.0,30.0
108,23.0,33.0,79.0,30.0
109,23.0,33.0,79.0,30.0
110,23.0,33.0,79.0,30.0
111,23.0,33.0,79.0,30.0
112,23.0,33.0,79.0,30.0
113,23.0,33.0,79.0,30.0
114,23.0,33.0,79.0,30.0
115,23.0,33.0,79.0,30.0
116,23.0,33.0,79.0,30.0
117,23.0,33.0,79.0,30.0
118,23.0,33.0,79.0,30.0
119,23.0,33.0,79.0,30.0
120,23.0,33.0,79.0,30.0
121,23.0,33.0,79.0,30.0
122,23.0,33.0,79.0,30.0
123,23.0,33.0,79.0,30.0
124,23.0,33.0,79.0,30.0
125,23.0,33.0,79.0,30.0
126,23.0,33.0,79.0,30.0
127,23.0,33.0,79.0,30.0
128,23.0,33.0,79.0,30.0
129,23.0,33.0,79.0,30.0
130,23.0,33.0,79.0,30.0
131,23.0,33.0,79.0,30.0
132,23.0,33.0,79.0,30.0
133,23.0,33.0,79.0,30.0
134,23.0,33.0,79.0,30.0
135,23.0,33.0,79.0,30.0
136,23.0,33.0,79.0,30.0
137,23.0,33.0,79.0,30.0
138,23.0,33.0,79.0,30.0
139,23.0,33.0,79.0,30.0
140,23.0,33.0,79.0,30.0
141,23.0,33.0,79.0,30.0
142,23.0,33.0,79.0,30.0
143,23.0,33.0,79.0,30.0
144,23.0,33.0,79.0,30.0
145,23.0,33.0,79.0,30.0
146,23.0,33.0,79.0,30.0
147,23.0,33.0,79.0,30.0
148,23.0,33.0,79.0,30.0
149,23.0,33.0,79.0,30.0
150,23.0,33.0,79.0,30.0
151,23.0,33.0,79.0,30.0
152,23.0,33.0,79.0,30.0
153,23.0,33.0,79.0,30.0
154,23.0,33.0,79.0,30.0
155,23.0,33.0,79.0,30.0
156,23.0,33.0,79.0,30.0
157,23.0,33.0,79.0,30.0
158,23.0,33.0,79.0,30.0
159,23.0,33.0,79.0,30.0
160,23.0,33.0,79.0,30.0
161,23.0,33.0,79.0,30.0
162,23.0,33.0,79.0,30.0
163,23.0,33.0,79.0,30.0
164,23.0,33.0,79.0,30.0
165,23.0,33.0,79.0,30.0
166,23.0,33.0,79.0,30.0
167,23.0,33.0,79.0,30.0
168,23.0,33.0,79.0,30.0
169,23.0,33.0,79.0,30.0
170,23.0,33.0,79.0,30.0
171,23.0,33.0,79.0,30.0
172,23.0,33.0,79.0,30.0
173,23.0,33.0,79.0,30.0
174,23.0,33.0,79.0,30.0
175,23.0,33.0,79.0,30.0
176,23.0,33.0,79.0,30.0
177,23.0,33.0,79.0,30.0
178,23.0,33.0,79.0,30.0
179,23.0,33.0,79.0,30.0
180,23.0,33.0,79.0,30.0
181,23.0,33.0,79.0,30.0
182,23.0,33.0,79.0,30.0
183,23.0,33.0,79.0,30.0
184,23.0,33.0,79.0,30.0
185,23.0,33.0,79.0,30.0
186,23.0,33.0,79.0,30.0
187,23.0,33.0,79.0,30.0
188,23.0,33.0,79.0,30.0
189,23.0,33.0,79.0,30.0
190,23.0,33.0,79.0,30.0
191,23.0,33.0,79.0,30.0
192,23.0,33.0,79.0,30.0
193,23.0,33.0,79.0,30.0
194,23.0,33.0,79.0,30.0
195,23.0,33.0,79.0,30.0
196,23.0,33.0,79.0,30.0
197,23.0,33.0,79.0,30.0
198,23.0,33.0,79.0,30.0
199,23.0,33.0,79.0,30.0
200,23.0,33.0,79.0,30.0
201,23.0,33.0,79.0,30.0
202,23.0,33.0,79.0,30.0
203,23.0,33.0,79.0,30.0
204,23.0,33.0,79.0,30.0
205,23.0,33.0,79.0,30.0
206,23.0,33.0,79.0,30.0
207,23.0,33.0,79.0,30.0
208,23.0,33.0,79.0,30.0
209,23.0,33.0,79.0,30.0
210,23.0,33.0,79.0,30.0
211,23.0,33.0,79.0,30.0
212,23.0,33.0,79.0,30.0
213,23.0,33.0,79.0,30.0
214,23.0,33.0,79.0,30.0
215,23.0,33.0,79.0,30.0
216,23.0,33.0,79.0,30.0
217,23.0,33.0,79.0,30.0
218,23.0,33.0,79.0,30.0
219,23.0,33.0,79.0,30.0
220,23.0,33.0,79.0,30.0
221,23.0,33.0,79.0,30.0
222,23.0,33.0,79.0,30.0
223,23.0,33.0,79.0,30.0
224,23.0,33.0,79.0,30.0
225,23.0,33.0,79.0,30.0
226,23.0,33.0,79.0,30.0
227,23.0,33.0,79.0,30.0
228,23.0,33.0,79.0,30.0
229,23.0,33.0,79.0,30.0
230,23.0,33.0,79.0,30.0
231,23.0,33.0,79.0,30.0
232,23.0,33.0,79.0,30.0
233,23.0,33.0,79.0,30.0
234,23.0,33.0,79.0,30.0
235,23.0,33.0,79.0,30.0
236,23.0,33.0,79.0,30.0
237,23.0,33.0,79.0,30.0
238,23.0,33.0,79.0,30.0
239,23.0,33.0,79.0,30.0
240,23.0,33.0,79.0,30.0
241,23.0,33.0,79.0,30.0
242,23.0,33.0,79.0,30.0
243,23.0,33.0,79.0,30.0
244,23.0,33.0,79.0,30.0
245,23.0,33.0,79.0,30.0
246,23.0,33.0,79.0,30.0
247,23.0,33.0,79.0,30.0
248,23.0,33.0,79.0,30.0
249,23.0,33.0,79.0,30.0
250,23.0,33.0,79.0,30.0
251,23.0,33.0,79.0,30.0
252,23.0,33.0,79.0,30.0
253,23.0,33.0,79.0,30.0
254,23.0,33.0,79.0,30.0
255,23.0,33.0,79.0,30.0
256,23.0,33.0,79.0,30.0
257,23.0,33.0,79.0,30.0
258,23.0,33.0,79.0,30.0
259,23.0,33.0,79.0,30.0
260,23.0,33.0,79.0,30.0
261,23.0,33.0,79.0,30.0
262,23.0,33.0,79.0,30.0
263,23.0,33.0,79.0,30.0
264,23.0,33.0,79.0,30.0
265,23.0,33.0,79.0,30.0
266,23.0,33.0,79.0,30.0
267,23.0,33.0,79.0,30.0
268,23.0,33.0,79.0,30.0
269,23.0,33.0,79.0,30.0
270,23.0,33.0,79.0,30.0
271,23.0,33.0,79.0,30.0
272,23.0,33.0,79.0,30.0
273,23.0,33.0,79.0,30.0
274,23.0,33.0,79.0,30.0
275,23.0,33.0,79.0,30.0
276,23.0,33.0,79.0,30.0
277,23.0,33.0,79.0,30.0
278,23.0,33.0,79.0,30.0
279,23.0,33.0,79.0,30.0
280,23.0,33.0,79.0,30.0
281,23.0,33.0,79.0,30.0
282,23.0,33.0,79.0,30.0
283,23.0,33.0,79.0,30.0
284,23.0,33.0,79.0,30.0
285,23.0,33.0,79.0,30.0
286,23.0,33.0,79.0,30.0
287,23.0,33.0,79.0,30.0
288,23.0,33.0,79.0,30.0
289,23.0,33.0,79.0,30.0
290,23.0,33.0,79.0,30.0
291,23.0,33.0,79.0,30.0
292,23.0,33.0,79.0,30.0
293,23.0,33.0,79.0,30.0
294,23.0,33.0,79.0,30.0
295,23.0,33.0,79.0,30.0
296,23.0,33.0,79.0,30.0
297,23.0,33.0,79.0,30.0
298,23.0,33.0,79.0,30.0
299,23.0,33.0,79.0,30.0
300,23.0,33.0,79.0,30.0
301,23.0,33.0,79.0,30.0
302,23.0,33.0,79.0,30.0
303,23.0,33.0,79.0,30.0
304,23.0,33.0,79.0,30.0
305,23.0,33.0,79.0,30.0
306,23.0,33.0,79.0,30.0
307,23.0,33.0,79.0,30.0
308,23.0,33.0,79.0,30.0
309,23.0,33.0,79.0,30.0
310,23.0,33.0,79.0,30.0
311,23.0,33.0,79.0,30.0
312,23.0,33.0,79.0,30.0
313,23.0,33.0,79.0,30.0
314,23.0,33.0,79.0,30.0
315,23.0,33.0,79.0,30.0
316,23.0,33.0,79.0,30.0
317,23.0,33.0,79.0,30.0
318,23.0,33.0,79.0,30.0
319,23.0,33.0,79.0,30.0
320,23.0,33.0,79.0,30.0
321,23.0,33.0,79.0,30.0
322,23.0,33.0,79.0,30.0
323,23.0,33.0,79.0,30.0
324,23.0,33.0,79.0,30.0
325,23.0,33.0,79.0,30.0
326,23.0,33.0,79.0,30.0
327,23.0,33.0,79.0,30.0
328,23.0,33.0,79.0,30.0
329,23.0,33.0,79.0,30.0
330,23.0,33.0,79.0,30.0
331,23.0,33.0,79.0,30.0
332,23.0,33.0,79.0,30.0
333,23.0,33.0,79.0,30.0
334,23.0,33.0,79.0,30.0
335,23.0,33.0,79.0,30.0
336,23.0,33.0,79.0,30.0
337,23.0,33.0,79.0,30.0
338,23.0,33.0,79.0,30.0
339,23.0,33.0,79.0,30.0
340,23.0,33.0,79.0,30.0
341,23.0,33.0,79.0,30.0
342,23.0,33.0,79.0,30.0
343,23.0,33.0,79.0,30.0
344,23.0,33.0,79.0,30.0
345,23.0,33.0,79.0,0.0
346,23.0,33.0,79.0,0.0
347,23.0,33.0,79.0,0.0
348,23.0,33.0,79.0,0.0
349,23.0,33.0,79.0,0.0
350,23.0,33.0,79.0,0.0
351,23.0,33.0,79.0,0.0
352,23.0,33.0,79.0,0.0
353,23.0,33.0,79.0,0.0
354,23.0,33.0,79.0,0.0
355,23.0,33.0,79.0,0.0
356,23.0,33.0,79.0,0.0
357,23.0,33.0,79.0,0.0
358,23.0,33.0,79.0,0.0
359,23.0,33.0,79.0,0.0
360,23.0,33.0,79.0,0.0
361,23.0,33.0,79.0,0.0
362,23.0,33.0,79.0,0.0
363,23.0,33.0,79.0,0.0
364,23.0,33.0,79.0,0.0
365,23.0,33.0,79.0,0.0
366,23.0,33.0,79.0,0.0
367,23.0,33.0,79.0,0.0
368,23.0,33.0,79.0,0.0
369,23.0,33.0,79.0,0.0
370,23.0,33.0,79.0,0.0
371,23.0,33.0,79.0,0.0
372,23.0,33.0,79.0,0.0
373,23.0,33.0,79.0,0.0
374,23.0,33.0,79.0,0.0
375,23.0,33.0,79.0,0.0
376,23.0,33.0,80.0,0.0
377,23.0,33.0,80.0,0.0
378,23.0,33.0,79.0,0.0
379,23.0,33.0,81.0,0.0
380,23.0,33.0,79.0,0.0
381,23.0,33.0,80.0,0.0
382,23.0,33.0,79.0,0.0
383,23.0,33.0,79.0,0.0
384,23.0,33.0,80.0,0.0
385,23.0,33.0,81.0,0.0
386,23.0,33.0,79.0,0.0
387,23.0,33.0,81.0,0.0
388,23.0,33.0,81.0,0.0
389,23.0,33.0,79.0,0.0
390,23.0,33.0,79.0,0.0
391,23.0,33.0,79.0,0.0
392,23.0,33.0,80.0,0.0
393,23.0,33.0,80.0,0.0
394,23.0,33.0,81.0,0.0
395,23.0,33.0,81.0,0.0
396,23.0,33.0,79.0,0.0
397,23.0,33.0,80.0,0.0
398,23.0,33.0,80.0,0.0
399,23.0,33.0,80.0,0.0
400,23.0,33.0,79.0,0.0
401,23.0,33.0,81.0,0.0
402,23.0,33.0,81.0,0.0
403,23.0,33.0,80.0,0.0
404,23.0,33.0,79.0,0.0
405,23.0,33.0,80.0,0.0
406,23.0,33.0,80.0,0.0
407,23.0,33.0,80.0,0.0
408,23.0,33.0,80.0,0.0
409,23.0,33.0,80.0,0.0
410,23.0,33.0,80.0,0.0
411,23.0,33.0,79.0,0.0
412,23.0,33.0,79.0,0.0
413,23.0,33.0,79.0,0.0
414,23.0,33.0,79.0,0.0
415,23.0,33.0,80.0,0.0
416,23.0,33.0,81.0,0.0
417,23.0,33.0,80.0,0.0
418,23.0,33.0,79.0,0.0
419,23.0,33.0,79.0,0.0
420,23.0,33.0,79.0,0.0
421,23.0,33.0,79.0,0.0
422,23.0,33.0,79.0,0.0
423,23.0,33.0,80.0,0.0
424,23.0,33.0,80.0,0.0
425,23.0,33.0,80.0,0.0
426,23.0,33.0,79.0,0.0
427,23.0,33.0,79.0,0.0
428,23.0,33.0,79.0,0.0
429,23.0,33.0,79.0,0.0
430,23.0,33.0,79.0,0.0
431,23.0,33.0,81.0,0.0
432,23.0,33.0,81.0,0.0
433,23.0,33.0,80.0,0.0
434,23.0,33.0,79.0,0.0
435,23.0,33.0,79.0,0.0
436,23.0,33.0,79.0,0.0
437,23.0,33.0,80.0,0.0
438,23.0,33.0,79.0,0.0
439,23.0,33.0,79.0,0.0
440,23.0,33.0,79.0,0.0
441,23.0,33.0,79.0,0.0
442,23.0,33.0,79.0,0.0
443,23.0,33.0,79.0,0.0
444,23.0,33.0,79.0,0.0
445,23.0,33.0,80.0,0.0
446,23.0,33.0,80.0,0.0
447,23.0,33.0,79.0,0.0
448,23.0,33.0,79.0,0.0
449,23.0,33.0,79.0,0.0
450,23.0,33.0,79.0,0.0
451,23.0,33.0,79.0,0.0
452,23.0,33.0,79.0,0.0
453,23.0,33.0,80.0,0.0
454,23.0,33.0,79.0,0.0
455,23.0,33.0,79.0,0.0
456,23.0,33.0,79.0,0.0
457,23.0,33.0,79.0,0.0
458,23.0,33.0,79.0,0.0
459,23.0,33.0,80.0,0.0
460,23.0,33.0,80.0,0.0
461,23.0,33.0,80.0,0.0
462,23.0,33.0,79.0,0.0
463,23.0,33.0,80.0,0.0
464,23.0,33.0,79.0,0.0
465,23.0,33.0,80.0,0.0
466,23.0,33.0,0.0,0.0
467,25.0,33.0,79.0,0.0
468,23.0,33.0,79.0,0.0
469,23.0,33.0,79.0,0.0
470,23.0,33.0,79.0,0.0
471,23.0,33.0,79.0,0.0
472,23.0,33.0,79.0,0.0
473,23.0,33.0,79.0,0.0
474,23.0,33.0,79.0,0.0
475,23.0,33.0,79.0,0.0
476,23.0,33.0,79.0,0.0
477,23.0,33.0,79.0,0.0
478,23.0,33.0,79.0,0.0
479,23.0,33.0,79.0,0.0
480,23.0,33.0,79.0,0.0
481,23.0,33.0,79.0,0.0
482,23.0,33.0,79.0,0.0
483,23.0,33.0,79.0,0.0
484,23.0,33.0,79.0,0.0
485,23.0,33.0,79.0,0.0
486,23.0,33.0,79.0,0.0
487,23.0,33.0,79.0,0.0
488,23.0,33.0,79.0,0.0
489,23.0,33.0,79.0,0.0
490,23.0,33.0,79.0,0.0
491,23.0,33.0,79.0,0.0
492,23.0,33.0,79.0,0.0
493,23.0,33.0,79.0,0.0
494,23.0,33.0,79.0,0.0
495,23.0,33.0,79.0,0.0
496,23.0,33.0,79.0,0.0
497,23.0,33.0,79.0,0.0
498,23.0,33.0,79.0,0.0
499,23.0,33.0,79.0,0.0
500,23.0,33.0,79.0,0.0
501,23.0,33.0,79.0,0.0
502,23.0,33.0,79.0,0.0
503,23.0,33.0,79.0,0.0
504,23.0,33.0,79.0,0.0
505,23.0,33.0,79.0,0.0
506,23.0,33.0,79.0,0.0
507,23.0,33.0,81.0,0.0
508,23.0,33.0,81.0,0.0
509,23.0,33.0,81.0,0.0
510,23.0,33.0,79.0,0.0
511,23.0,33.0,80.0,0.0
512,23.0,33.0,79.0,0.0
513,23.0,33.0,80.0,0.0
514,23.0,33.0,80.0,0.0
515,23.0,33.0,79.0,0.0
516,23.0,33.0,80.0,0.0
517,23.0,33.0,0.0,0.0
518,25.0,35.0,81.0,0.0
519,23.0,34.0,81.0,9.0
520,23.0,35.0,80.0,12.0
521,23.0,33.0,80.0,30.0
522,23.0,33.0,79.0,30.0
523,23.0,33.0,79.0,30.0
524,23.0,33.0,79.0,30.0
525,23.0,33.0,79.0,30.0
526,23.0,33.0,79.0,30.0
527,23.0,33.0,12.0,30.0
528,23.0,33.0,16.0,30.0
529,23.0,33.0,12.0,30.0
530,23.0,33.0,9.0,30.0
531,23.0,33.0,7.0,30.0
532,23.0,33.0,6.0,30.0
533,23.0,33.0,5.0,30.0
534,23.0,33.0,4.0,30.0
535,23.0,33.0,3.0,30.0
536,23.0,33.0,3.0,30.0
537,23.0,33.0,2.0,30.0
538,23.0,33.0,2.0,30.0
539,23.0,33.0,2.0,30.0
540,23.0,33.0,2.0,30.0
541,23.0,33.0,1.0,30.0
542,23.0,33.0,1.0,30.0
543,23.0,33.0,1.0,30.0
544,23.0,33.0,1.0,30.0
545,23.0,33.0,1.0,30.0
546,23.0,33.0,2.0,30.0
547,23.0,33.0,2.0,30.0
548,23.0,33.0,2.0,30.0
549,23.0,33.0,2.0,30.0
550,23.0,33.0,2.0,30.0
551,23.0,33.0,2.0,30.0
552,23.0,33.0,3.0,30.0
553,23.0,33.0,3.0,30.0
554,23.0,33.0,3.0,30.0
555,23.0,33.0,3.0,30.0
556,23.0,33.0,3.0,30.0
557,23.0,33.0,4.0,30.0
558,23.0,33.0,4.0,30.0
559,23.0,33.0,4.0,30.0
560,23.0,33.0,4.0,30.0
561,23.0,33.0,5.0,30.0
562,23.0,33.0,5.0,30.0
563,23.0,33.0,5.0,30.0
564,23.0,33.0,5.0,30.0
565,23.0,33.0,5.0,30.0
566,23.0,33.0,5.0,30.0
567,23.0,33.0,6.0,30.0
568,23.0,33.0,6.0,30.0
569,23.0,33.0,6.0,30.0
570,23.0,33.0,6.0,30.0
571,23.0,33.0,7.0,30.0
572,23.0,33.0,7.0,30.0
573,23.0,36.0,6.0,30.0
574,23.0,34.0,13.0,57.0
575,23.0,34.0,81.0,60.0
576,23.0,32.0,79.0,69.0
577,23.0,33.0,23.0,69.0
578,23.0,33.0,21.0,69.0
579,23.0,33.0,19.0,69.0
580,23.0,33.0,17.0,69.0
581,23.0,33.0,16.0,69.0
582,23.0,33.0,15.0,69.0
583,23.0,33.0,14.0,69.0
584,23.0,33.0,14.0,69.0
585,23.0,33.0,13.0,69.0
586,23.0,33.0,17.0,69.0
587,23.0,33.0,18.0,69.0
588,23.0,33.0,19.0,69.0
589,23.0,33.0,2.0,69.0
590,23.0,33.0,21.0,69.0
591,23.0,33.0,41.0,69.0
592,23.0,33.0,41.0,69.0
593,23.0,33.0,42.0,69.0
594,23.0,33.0,42.0,69.0
595,23.0,33.0,42.0,69.0
596,23.0,33.0,43.0,69.0
597,23.0,33.0,43.0,69.0
598,23.0,33.0,43.0,69.0
599,23.0,33.0,43.0,69.0
600,23.0,33.0,43.0,69.0
601,23.0,33.0,43.0,69.0
602,23.0,33.0,43.0,69.0
603,23.0,33.0,43.0,69.0
604,23.0,33.0,43.0,69.0
605,23.0,33.0,43.0,69.0
606,23.0,33.0,78.0,0.0
607,23.0,33.0,78.0,0.0
608,23.0,33.0,78.0,0.0
609,23.0,33.0,78.0,0.0
610,23.0,33.0,78.0,0.0
611,23.0,33.0,78.0,0.0
612,23.0,33.0,78.0,0.0
613,23.0,33.0,78.0,0.0
614,23.0,33.0,78.0,0.0
615,23.0,33.0,78.0,0.0
616,23.0,33.0,77.0,0.0
617,23.0,33.0,77.0,0.0
618,23.0,33.0,77.0,0.0
619,23.0,33.0,77.0,0.0
620,23.0,33.0,77.0,0.0
0,22.0,34.0,79.0,0.0
1,22.0,34.0,79.0,0.0
2,22.0,34.0,79.0,0.0
3,22.0,34.0,79.0,0.0
4,22.0,33.0,79.0,0.0
5,22.0,33.0,79.0,0.0
6,22.0,34.0,79.0,0.0
7,22.0,34.0,79.0,0.0
8,22.0,34.0,79.0,0.0
9,22.0,34.0,79.0,0.0
10,22.0,34.0,79.0,0.0
11,22.0,34.0,79.0,0.0
12,22.0,34.0,79.0,0.0
13,22.0,33.0,79.0,0.0
14,22.0,34.0,79.0,0.0
15,22.0,34.0,79.0,0.0
16,22.0,34.0,79.0,0.0
17,22.0,34.0,79.0,0.0
18,22.0,34.0,79.0,0.0
19,22.0,34.0,79.0,0.0
20,22.0,34.0,79.0,0.0
21,22.0,34.0,79.0,0.0
22,22.0,34.0,79.0,0.0
23,22.0,34.0,79.0,0.0
24,22.0,34.0,79.0,0.0
25,22.0,34.0,79.0,0.0
26,22.0,34.0,79.0,0.0
27,22.0,34.0,79.0,0.0
28,22.0,34.0,79.0,0.0
29,22.0,34.0,15.0,0.0
30,22.0,34.0,16.0,0.0
31,22.0,34.0,16.0,0.0
32,22.0,34.0,16.0,0.0
33,22.0,34.0,16.0,0.0
34,22.0,34.0,16.0,0.0
35,22.0,34.0,17.0,0.0
36,22.0,34.0,17.0,0.0
37,22.0,34.0,17.0,0.0
38,22.0,34.0,17.0,0.0
39,22.0,34.0,17.0,0.0
40,22.0,34.0,17.0,0.0
41,22.0,34.0,17.0,0.0
42,22.0,35.0,17.0,0.0
43,22.0,34.0,17.0,6.0
44,22.0,34.0,16.0,9.0
45,22.0,34.0,17.0,12.0
46,22.0,34.0,17.0,15.0
47,22.0,34.0,16.0,18.0
48,22.0,34.0,16.0,21.0
49,22.0,34.0,16.0,24.0
50,22.0,34.0,16.0,30.0
51,22.0,34.0,16.0,33.0
52,22.0,34.0,16.0,36.0
53,22.0,34.0,16.0,39.0
54,22.0,34.0,22.0,42.0
55,22.0,34.0,21.0,45.0
56,22.0,34.0,21.0,48.0
57,22.0,34.0,21.0,54.0
58,22.0,34.0,21.0,57.0
59,22.0,33.0,21.0,60.0
60,22.0,34.0,21.0,60.0
61,22.0,34.0,21.0,60.0
62,22.0,34.0,20.0,60.0
63,22.0,34.0,20.0,60.0
64,22.0,34.0,20.0,60.0
65,22.0,34.0,20.0,60.0
66,22.0,34.0,21.0,60.0
67,22.0,34.0,21.0,60.0
68,22.0,34.0,20.0,60.0
69,22.0,34.0,20.0,60.0
70,22.0,34.0,20.0,60.0
71,22.0,34.0,20.0,60.0
72,22.0,34.0,20.0,60.0
73,22.0,34.0,21.0,60.0
74,22.0,34.0,21.0,60.0
75,22.0,34.0,20.0,60.0
76,22.0,34.0,20.0,60.0
77,22.0,34.0,20.0,60.0
78,22.0,34.0,19.0,60.0
79,22.0,34.0,21.0,60.0
80,22.0,34.0,20.0,60.0
81,22.0,34.0,20.0,60.0
82,22.0,34.0,20.0,60.0
83,22.0,34.0,19.0,60.0
84,22.0,34.0,19.0,60.0
85,22.0,34.0,19.0,60.0
86,22.0,34.0,19.0,60.0
87,22.0,34.0,26.0,60.0
88,22.0,34.0,9.0,60.0
89,22.0,34.0,26.0,60.0
90,22.0,34.0,22.0,60.0
91,22.0,34.0,20.0,60.0
92,22.0,34.0,18.0,60.0
93,22.0,34.0,17.0,60.0
94,22.0,34.0,16.0,60.0
95,22.0,34.0,16.0,60.0
96,22.0,34.0,15.0,60.0
97,22.0,34.0,15.0,60.0
98,22.0,34.0,20.0,60.0
99,22.0,34.0,16.0,60.0
100,22.0,34.0,13.0,60.0
101,22.0,34.0,12.0,60.0
102,22.0,34.0,11.0,60.0
103,22.0,34.0,10.0,60.0
104,22.0,34.0,10.0,60.0
105,22.0,34.0,9.0,60.0
106,22.0,34.0,9.0,60.0
107,22.0,34.0,13.0,60.0
108,22.0,34.0,4.0,60.0
109,22.0,34.0,25.0,60.0
110,22.0,34.0,22.0,60.0
111,22.0,34.0,19.0,60.0
112,22.0,35.0,16.0,60.0
113,22.0,34.0,14.0,63.0
114,22.0,34.0,11.0,69.0
115,22.0,34.0,10.0,72.0
116,22.0,34.0,9.0,75.0
117,22.0,34.0,9.0,78.0
118,22.0,34.0,8.0,81.0
119,22.0,34.0,8.0,84.0
120,22.0,34.0,8.0,87.0
121,22.0,34.0,8.0,93.0
122,22.0,34.0,14.0,96.0
123,22.0,34.0,7.0,99.0
124,22.0,34.0,5.0,102.0
125,22.0,34.0,79.0,105.0
126,22.0,33.0,80.0,108.0
127,22.0,34.0,4.0,108.0
128,22.0,34.0,14.0,108.0
129,22.0,34.0,12.0,108.0
130,22.0,34.0,8.0,108.0
131,22.0,34.0,14.0,108.0
132,22.0,34.0,8.0,108.0
133,22.0,34.0,6.0,108.0
134,22.0,34.0,79.0,108.0
135,22.0,34.0,79.0,108.0
136,22.0,34.0,25.0,108.0
137,22.0,34.0,19.0,108.0
138,22.0,34.0,16.0,108.0
139,22.0,33.0,16.0,108.0
140,22.0,34.0,9.0,108.0
141,22.0,34.0,7.0,108.0
142,22.0,34.0,27.0,108.0
143,22.0,34.0,20.0,108.0
144,22.0,34.0,18.0,108.0
145,22.0,34.0,16.0,108.0
146,22.0,34.0,15.0,108.0
147,22.0,34.0,23.0,108.0
148,22.0,34.0,20.0,108.0
149,22.0,34.0,19.0,108.0
150,22.0,34.0,18.0,108.0
151,22.0,34.0,17.0,108.0
152,22.0,34.0,17.0,108.0
153,22.0,34.0,17.0,108.0
154,22.0,34.0,17.0,108.0
155,22.0,34.0,17.0,108.0
156,22.0,34.0,16.0,108.0
157,22.0,34.0,16.0,108.0
158,22.0,34.0,16.0,108.0
159,22.0,34.0,16.0,108.0
160,22.0,34.0,16.0,108.0
161,22.0,34.0,16.0,108.0
162,22.0,34.0,16.0,108.0
163,22.0,34.0,16.0,108.0
164,22.0,34.0,16.0,108.0
165,22.0,34.0,16.0,108.0
166,22.0,34.0,16.0,108.0
167,22.0,34.0,16.0,108.0
168,22.0,34.0,15.0,108.0
0,22.0,33.0,13.0,0.0
1,22.0,34.0,13.0,0.0
2,22.0,34.0,13.0,0.0
3,22.0,34.0,13.0,0.0
4,22.0,34.0,13.0,0.0
5,22.0,34.0,13.0,0.0
6,22.0,34.0,13.0,0.0
7,22.0,35.0,13.0,0.0
8,22.0,34.0,13.0,3.0
9,22.0,34.0,13.0,6.0
10,22.0,34.0,13.0,12.0
11,22.0,34.0,13.0,15.0
12,22.0,34.0,13.0,18.0
13,22.0,34.0,13.0,21.0
14,22.0,34.0,13.0,24.0
15,22.0,34.0,13.0,27.0
16,22.0,34.0,13.0,30.0
17,22.0,36.0,19.0,51.0
18,22.0,36.0,19.0,54.0
19,22.0,36.0,19.0,57.0
20,22.0,33.0,19.0,60.0
21,22.0,34.0,19.0,60.0
22,22.0,34.0,18.0,60.0
23,22.0,34.0,18.0,60.0
24,22.0,34.0,18.0,60.0
25,22.0,34.0,17.0,60.0
26,22.0,34.0,17.0,60.0
27,22.0,34.0,17.0,60.0
28,22.0,34.0,17.0,60.0
29,22.0,34.0,16.0,60.0
30,22.0,34.0,16.0,60.0
31,22.0,34.0,16.0,60.0
32,22.0,34.0,16.0,60.0
33,22.0,34.0,16.0,60.0
34,22.0,34.0,16.0,60.0
35,22.0,34.0,16.0,60.0
36,22.0,34.0,16.0,60.0
37,22.0,34.0,16.0,60.0
38,22.0,34.0,16.0,60.0
39,22.0,34.0,16.0,60.0
40,22.0,34.0,16.0,60.0
41,22.0,34.0,16.0,60.0
42,22.0,34.0,16.0,60.0
43,22.0,34.0,16.0,60.0
44,22.0,34.0,16.0,60.0
45,22.0,34.0,16.0,60.0
46,22.0,34.0,16.0,60.0
47,22.0,34.0,16.0,60.0
48,22.0,34.0,16.0,60.0
49,22.0,34.0,16.0,60.0
50,22.0,34.0,16.0,60.0
51,22.0,34.0,15.0,60.0
52,22.0,34.0,15.0,60.0
53,22.0,34.0,15.0,60.0
54,22.0,34.0,15.0,60.0
55,22.0,34.0,15.0,60.0
56,22.0,34.0,15.0,60.0
57,22.0,34.0,15.0,60.0
58,22.0,34.0,15.0,60.0
59,22.0,34.0,16.0,60.0
60,22.0,34.0,15.0,60.0
61,22.0,34.0,15.0,60.0
62,22.0,34.0,15.0,60.0
63,22.0,34.0,15.0,60.0
64,22.0,34.0,15.0,60.0
65,22.0,34.0,15.0,60.0
66,22.0,34.0,15.0,60.0
67,22.0,34.0,14.0,60.0
68,22.0,34.0,14.0,60.0
69,22.0,34.0,14.0,60.0
70,22.0,34.0,14.0,60.0
71,22.0,34.0,14.0,60.0
72,22.0,35.0,14.0,60.0
73,22.0,34.0,15.0,63.0
74,22.0,35.0,21.0,66.0
75,23.0,34.0,20.0,72.0
76,22.0,37.0,20.0,75.0
77,23.0,33.0,20.0,81.0
78,22.0,36.0,20.0,84.0
79,22.0,35.0,19.0,90.0
80,22.0,36.0,19.0,93.0
81,22.0,35.0,19.0,96.0
82,24.0,35.0,19.0,111.0
83,22.0,36.0,19.0,117.0
84,22.0,33.0,18.0,120.0
85,22.0,34.0,18.0,120.0
86,22.0,34.0,17.0,120.0
87,22.0,34.0,17.0,120.0
88,22.0,34.0,16.0,120.0
89,22.0,34.0,16.0,120.0
90,22.0,34.0,16.0,120.0
91,22.0,34.0,16.0,120.0
92,22.0,34.0,16.0,120.0
93,22.0,34.0,16.0,120.0
94,22.0,34.0,16.0,120.0
95,22.0,34.0,16.0,120.0
96,22.0,34.0,16.0,120.0
97,22.0,34.0,16.0,120.0
98,22.0,34.0,15.0,120.0
99,22.0,34.0,24.0,120.0
100,22.0,34.0,25.0,120.0
101,22.0,34.0,24.0,120.0
102,22.0,34.0,23.0,120.0
103,22.0,34.0,23.0,120.0
104,22.0,34.0,22.0,120.0
105,22.0,34.0,21.0,120.0
106,22.0,34.0,20.0,120.0
107,22.0,34.0,19.0,120.0
108,22.0,34.0,19.0,120.0
109,22.0,34.0,18.0,120.0
110,22.0,34.0,18.0,120.0
111,22.0,34.0,17.0,120.0
112,22.0,34.0,17.0,120.0
113,22.0,34.0,21.0,120.0
114,22.0,34.0,21.0,120.0
115,22.0,34.0,21.0,120.0
116,22.0,34.0,19.0,120.0
117,22.0,34.0,17.0,120.0
118,22.0,34.0,19.0,120.0
119,22.0,34.0,22.0,120.0
120,22.0,34.0,21.0,120.0
121,22.0,34.0,20.0,120.0
122,22.0,34.0,20.0,120.0
123,22.0,34.0,6.0,120.0
124,22.0,34.0,21.0,120.0
125,22.0,34.0,23.0,120.0
126,22.0,34.0,22.0,120.0
127,22.0,34.0,23.0,120.0
128,22.0,34.0,23.0,120.0
129,22.0,34.0,21.0,120.0
130,22.0,34.0,20.0,120.0
131,22.0,34.0,19.0,120.0
132,22.0,34.0,18.0,120.0
133,22.0,34.0,17.0,120.0
134,22.0,34.0,15.0,120.0
135,22.0,34.0,14.0,120.0
136,22.0,34.0,12.0,120.0
137,22.0,36.0,22.0,120.0
138,22.0,37.0,24.0,129.0
139,22.0,36.0,24.0,132.0
140,25.0,33.0,24.0,138.0
141,22.0,36.0,24.0,153.0
142,22.0,36.0,23.0,165.0
143,22.0,35.0,23.0,168.0
144,22.0,36.0,22.0,177.0
145,22.0,33.0,21.0,180.0
146,22.0,34.0,20.0,180.0
147,22.0,34.0,19.0,180.0
148,22.0,34.0,18.0,180.0
149,22.0,34.0,17.0,180.0
150,22.0,34.0,16.0,180.0
151,22.0,34.0,79.0,180.0
152,22.0,34.0,25.0,180.0
153,22.0,34.0,25.0,180.0
154,22.0,34.0,26.0,180.0
155,22.0,34.0,24.0,180.0
156,22.0,34.0,23.0,180.0
157,22.0,34.0,22.0,180.0
158,22.0,34.0,21.0,180.0
159,22.0,34.0,20.0,180.0
160,22.0,34.0,19.0,180.0
161,22.0,34.0,18.0,180.0
162,22.0,34.0,16.0,180.0
163,22.0,34.0,15.0,180.0
164,22.0,34.0,12.0,180.0
165,22.0,34.0,65.0,180.0
166,22.0,36.0,18.0,180.0
167,22.0,34.0,18.0,180.0
168,22.0,34.0,14.0,180.0
169,22.0,34.0,13.0,180.0
170,22.0,34.0,12.0,180.0
171,22.0,34.0,11.0,180.0
172,22.0,34.0,10.0,180.0
173,22.0,34.0,8.0,180.0
174,22.0,34.0,6.0,180.0
175,22.0,34.0,5.0,180.0
176,22.0,34.0,4.0,180.0
177,22.0,34.0,3.0,180.0
178,22.0,34.0,2.0,180.0
179,22.0,34.0,1.0,180.0
180,22.0,34.0,1.0,180.0
181,22.0,34.0,0.0,180.0
182,22.0,34.0,0.0,180.0
183,22.0,34.0,0.0,180.0
184,22.0,34.0,81.0,180.0
185,22.0,34.0,81.0,180.0
186,22.0,34.0,81.0,180.0
187,22.0,34.0,81.0,180.0
188,22.0,34.0,80.0,180.0
189,22.0,34.0,80.0,180.0
190,22.0,34.0,80.0,180.0
191,22.0,34.0,80.0,180.0
192,22.0,34.0,80.0,180.0
193,22.0,34.0,79.0,180.0
194,22.0,34.0,79.0,180.0
195,22.0,34.0,79.0,180.0
196,22.0,34.0,79.0,180.0
197,22.0,34.0,79.0,180.0
198,22.0,34.0,78.0,180.0
199,22.0,34.0,78.0,180.0
200,22.0,34.0,78.0,180.0
201,22.0,34.0,78.0,180.0
202,22.0,34.0,78.0,180.0
203,22.0,34.0,78.0,180.0
204,22.0,34.0,77.0,180.0
205,22.0,34.0,77.0,180.0
206,22.0,34.0,77.0,180.0
207,22.0,34.0,77.0,180.0
208,22.0,34.0,77.0,180.0
209,22.0,34.0,77.0,180.0
210,22.0,34.0,76.0,180.0
211,22.0,34.0,76.0,180.0
212,22.0,34.0,76.0,180.0
213,22.0,34.0,76.0,180.0
214,22.0,34.0,75.0,180.0
215,22.0,34.0,75.0,180.0
216,22.0,34.0,75.0,180.0
217,22.0,34.0,74.0,180.0
218,22.0,34.0,74.0,180.0
219,22.0,34.0,74.0,180.0
220,22.0,34.0,74.0,180.0
221,22.0,34.0,73.0,180.0
222,22.0,34.0,73.0,180.0
223,22.0,34.0,73.0,180.0
224,22.0,34.0,73.0,180.0
225,22.0,34.0,72.0,180.0
226,22.0,34.0,72.0,180.0
227,22.0,34.0,71.0,180.0
228,22.0,34.0,71.0,180.0
229,22.0,34.0,71.0,180.0
230,22.0,34.0,70.0,180.0
231,22.0,34.0,70.0,180.0
232,22.0,34.0,70.0,180.0
233,22.0,34.0,69.0,180.0
234,22.0,34.0,69.0,180.0
235,22.0,34.0,68.0,180.0
236,22.0,34.0,68.0,180.0
237,22.0,34.0,68.0,180.0
238,22.0,34.0,67.0,180.0
239,22.0,34.0,67.0,180.0
240,22.0,34.0,67.0,180.0
241,22.0,34.0,66.0,180.0
242,22.0,34.0,66.0,180.0
243,22.0,34.0,66.0,180.0
244,22.0,34.0,65.0,180.0
245,22.0,34.0,65.0,180.0
246,22.0,34.0,65.0,180.0
247,22.0,34.0,65.0,180.0
248,22.0,34.0,65.0,180.0
249,22.0,34.0,65.0,180.0
250,22.0,34.0,65.0,180.0
251,22.0,34.0,64.0,180.0
252,22.0,34.0,64.0,180.0
253,22.0,34.0,64.0,180.0
254,22.0,34.0,64.0,180.0
255,22.0,34.0,64.0,180.0
256,22.0,34.0,64.0,180.0
257,22.0,34.0,64.0,180.0
258,22.0,34.0,64.0,180.0
259,22.0,34.0,64.0,180.0
260,22.0,34.0,64.0,180.0
261,22.0,34.0,63.0,180.0
262,22.0,34.0,64.0,180.0
263,22.0,34.0,64.0,180.0
264,22.0,34.0,79.0,180.0
265,22.0,34.0,43.0,180.0
266,22.0,34.0,28.0,180.0
267,22.0,35.0,27.0,180.0
268,22.0,34.0,26.0,183.0
269,22.0,34.0,25.0,189.0
270,22.0,34.0,24.0,192.0
271,22.0,34.0,23.0,195.0
272,22.0,34.0,22.0,198.0
273,22.0,34.0,28.0,0.0
274,22.0,35.0,26.0,0.0
275,22.0,34.0,25.0,3.0
276,22.0,34.0,23.0,6.0
277,22.0,34.0,22.0,9.0
278,22.0,34.0,21.0,12.0
279,22.0,34.0,20.0,15.0
280,22.0,34.0,20.0,21.0
281,22.0,34.0,7.0,24.0
282,22.0,34.0,19.0,27.0
283,22.0,34.0,24.0,30.0
284,22.0,34.0,27.0,33.0
285,22.0,34.0,24.0,36.0
286,22.0,34.0,26.0,39.0
287,22.0,34.0,27.0,45.0
288,22.0,34.0,26.0,48.0
289,22.0,34.0,25.0,51.0
290,22.0,34.0,24.0,54.0
291,22.0,34.0,23.0,57.0
292,22.0,33.0,22.0,60.0
293,22.0,34.0,21.0,60.0
294,22.0,34.0,20.0,60.0
295,22.0,34.0,20.0,60.0
296,22.0,34.0,19.0,60.0
297,22.0,34.0,19.0,60.0
298,22.0,34.0,24.0,60.0
299,22.0,34.0,26.0,60.0
300,22.0,34.0,4.0,60.0
301,22.0,34.0,4.0,60.0
302,22.0,34.0,4.0,60.0
303,22.0,34.0,4.0,60.0
304,22.0,34.0,4.0,60.0
305,22.0,34.0,4.0,60.0
306,22.0,34.0,7.0,60.0
307,22.0,34.0,2.0,60.0
308,22.0,34.0,1.0,60.0
309,22.0,34.0,21.0,60.0
310,22.0,34.0,27.0,60.0
311,22.0,47.0,25.0,60.0
312,22.0,34.0,23.0,60.0
313,22.0,34.0,22.0,60.0
314,22.0,34.0,22.0,60.0
315,22.0,34.0,21.0,60.0
316,22.0,34.0,20.0,60.0
317,22.0,34.0,19.0,60.0
318,22.0,34.0,24.0,60.0
319,22.0,34.0,23.0,60.0
320,22.0,34.0,22.0,60.0
321,22.0,34.0,19.0,60.0
322,22.0,34.0,25.0,60.0
323,22.0,34.0,27.0,60.0
324,22.0,34.0,26.0,60.0
325,22.0,34.0,27.0,60.0
326,22.0,34.0,26.0,60.0
327,22.0,34.0,3.0,60.0
328,22.0,50.0,22.0,0.0
329,22.0,35.0,20.0,0.0
330,22.0,34.0,20.0,0.0
331,22.0,35.0,19.0,0.0
332,22.0,35.0,19.0,0.0
333,22.0,34.0,19.0,3.0
334,22.0,34.0,18.0,6.0
335,22.0,34.0,12.0,9.0
336,22.0,34.0,25.0,12.0
337,22.0,34.0,22.0,15.0
338,22.0,34.0,24.0,21.0
339,22.0,34.0,23.0,24.0
340,22.0,34.0,21.0,27.0
341,22.0,34.0,20.0,30.0
342,22.0,34.0,19.0,33.0
343,22.0,34.0,18.0,36.0
344,22.0,34.0,17.0,39.0
345,22.0,34.0,16.0,45.0
346,22.0,34.0,43.0,48.0
347,22.0,33.0,14.0,51.0
348,22.0,34.0,14.0,51.0
349,22.0,34.0,13.0,51.0
350,22.0,34.0,12.0,51.0
351,22.0,34.0,32.0,51.0
352,22.0,34.0,43.0,51.0
353,22.0,34.0,43.0,51.0
354,22.0,34.0,9.0,51.0
355,22.0,34.0,8.0,51.0
356,22.0,34.0,7.0,51.0
357,22.0,34.0,7.0,51.0
358,22.0,34.0,6.0,51.0
359,22.0,34.0,32.0,51.0
360,22.0,34.0,13.0,51.0
361,22.0,34.0,18.0,51.0
362,22.0,34.0,8.0,51.0
363,22.0,34.0,3.0,51.0
364,22.0,34.0,1.0,51.0
365,22.0,34.0,0.0,51.0
366,22.0,34.0,4.0,51.0
367,22.0,34.0,12.0,51.0
368,22.0,34.0,4.0,51.0
369,22.0,34.0,79.0,51.0
370,22.0,34.0,14.0,51.0
371,22.0,34.0,3.0,51.0
372,22.0,34.0,78.0,51.0
373,22.0,34.0,78.0,51.0
374,22.0,34.0,78.0,51.0
375,22.0,34.0,78.0,51.0
376,22.0,34.0,75.0,51.0
377,22.0,34.0,73.0,51.0
378,22.0,34.0,71.0,51.0
379,22.0,34.0,2.0,51.0
380,22.0,34.0,2.0,51.0
381,22.0,34.0,81.0,51.0
382,22.0,34.0,59.0,51.0
383,22.0,34.0,53.0,51.0
384,22.0,34.0,52.0,51.0
385,22.0,34.0,51.0,51.0
0,22.0,34.0,47.0,12.0
1,22.0,34.0,46.0,15.0
2,22.0,34.0,46.0,21.0
3,22.0,34.0,46.0,24.0
4,22.0,34.0,46.0,27.0
5,22.0,33.0,46.0,30.0
6,22.0,34.0,46.0,30.0
7,22.0,34.0,47.0,30.0
8,22.0,34.0,46.0,30.0
9,22.0,34.0,46.0,30.0
10,22.0,34.0,46.0,30.0
11,22.0,34.0,46.0,30.0
12,22.0,34.0,46.0,30.0
13,22.0,34.0,46.0,30.0
14,22.0,34.0,46.0,30.0
15,22.0,34.0,46.0,30.0
16,22.0,34.0,46.0,30.0
17,22.0,34.0,46.0,30.0
18,22.0,34.0,46.0,30.0
19,22.0,34.0,46.0,30.0
20,22.0,34.0,46.0,30.0
21,22.0,34.0,46.0,30.0
22,22.0,34.0,46.0,30.0
23,22.0,34.0,47.0,30.0
24,22.0,34.0,47.0,30.0
25,22.0,34.0,47.0,30.0
26,22.0,34.0,47.0,30.0
27,22.0,34.0,46.0,30.0
28,22.0,34.0,46.0,30.0
29,22.0,34.0,47.0,30.0
30,22.0,34.0,47.0,30.0
31,22.0,34.0,46.0,30.0
32,22.0,34.0,47.0,30.0
33,22.0,34.0,47.0,30.0
34,22.0,34.0,47.0,30.0
35,22.0,34.0,47.0,30.0
36,22.0,34.0,47.0,30.0
37,22.0,34.0,46.0,30.0
38,22.0,34.0,46.0,30.0
39,22.0,34.0,46.0,30.0
40,22.0,34.0,47.0,30.0
41,22.0,34.0,47.0,30.0
42,22.0,34.0,47.0,30.0
43,22.0,34.0,47.0,30.0
44,22.0,34.0,47.0,30.0
45,22.0,34.0,47.0,30.0
46,22.0,34.0,47.0,30.0
47,22.0,34.0,47.0,30.0
48,22.0,34.0,47.0,30.0
49,22.0,34.0,47.0,30.0
50,22.0,34.0,47.0,30.0
51,22.0,34.0,47.0,30.0
52,22.0,34.0,47.0,30.0
53,22.0,34.0,47.0,30.0
54,22.0,34.0,47.0,30.0
55,22.0,34.0,47.0,30.0
56,22.0,34.0,47.0,30.0
57,22.0,34.0,47.0,30.0
58,22.0,34.0,47.0,30.0
59,22.0,34.0,47.0,30.0
60,22.0,34.0,47.0,30.0
61,22.0,34.0,48.0,30.0
62,22.0,34.0,48.0,30.0
63,22.0,34.0,48.0,30.0
64,22.0,34.0,48.0,30.0
65,22.0,34.0,48.0,30.0
66,22.0,34.0,48.0,30.0
67,22.0,34.0,48.0,30.0
68,22.0,34.0,48.0,30.0
69,22.0,34.0,48.0,30.0
70,22.0,34.0,48.0,30.0
71,22.0,34.0,48.0,30.0
72,22.0,34.0,48.0,30.0
73,22.0,34.0,48.0,30.0
74,22.0,34.0,48.0,30.0
75,22.0,34.0,48.0,30.0
76,22.0,34.0,48.0,30.0
77,22.0,34.0,48.0,30.0
78,22.0,34.0,48.0,30.0
79,22.0,34.0,48.0,30.0
80,22.0,34.0,48.0,30.0
81,22.0,34.0,48.0,30.0
82,22.0,34.0,48.0,30.0
83,22.0,34.0,49.0,30.0
84,22.0,34.0,49.0,30.0
85,22.0,34.0,49.0,30.0
86,22.0,34.0,49.0,30.0
87,22.0,34.0,49.0,30.0
88,22.0,34.0,49.0,30.0
89,22.0,34.0,49.0,30.0
90,22.0,34.0,49.0,30.0
91,22.0,34.0,49.0,30.0
92,22.0,34.0,49.0,30.0
93,22.0,34.0,49.0,30.0
94,22.0,34.0,49.0,30.0
95,22.0,34.0,49.0,30.0
96,22.0,34.0,49.0,30.0
97,22.0,34.0,49.0,30.0
98,22.0,34.0,49.0,30.0
99,22.0,34.0,49.0,30.0
100,22.0,34.0,49.0,30.0
101,22.0,34.0,49.0,30.0
102,22.0,34.0,50.0,30.0
103,22.0,34.0,50.0,30.0
104,22.0,34.0,50.0,30.0
105,22.0,34.0,49.0,30.0
106,22.0,34.0,49.0,30.0
107,22.0,34.0,49.0,30.0
108,22.0,34.0,49.0,30.0
109,22.0,34.0,50.0,30.0
110,22.0,34.0,50.0,30.0
111,22.0,34.0,50.0,30.0
112,22.0,34.0,50.0,30.0
113,22.0,34.0,50.0,30.0
114,22.0,34.0,50.0,30.0
115,22.0,34.0,50.0,30.0
116,22.0,34.0,50.0,30.0
117,22.0,34.0,50.0,30.0
118,22.0,34.0,50.0,30.0
119,22.0,34.0,50.0,30.0
120,22.0,34.0,50.0,30.0
121,22.0,34.0,50.0,30.0
122,22.0,34.0,50.0,30.0
123,22.0,34.0,50.0,30.0
124,22.0,34.0,50.0,30.0
125,22.0,34.0,50.0,30.0
126,22.0,34.0,50.0,30.0
127,22.0,34.0,50.0,30.0
128,22.0,34.0,50.0,30.0
129,22.0,34.0,50.0,30.0
130,22.0,34.0,50.0,30.0
131,22.0,34.0,50.0,30.0
132,22.0,34.0,50.0,30.0
133,22.0,34.0,50.0,30.0
134,22.0,34.0,50.0,30.0
135,22.0,34.0,50.0,30.0
136,22.0,34.0,50.0,30.0
137,22.0,34.0,50.0,30.0
138,22.0,34.0,50.0,30.0
139,22.0,34.0,50.0,30.0
140,22.0,34.0,50.0,30.0
141,22.0,34.0,50.0,30.0
142,22.0,34.0,50.0,30.0
143,22.0,34.0,50.0,30.0
144,22.0,34.0,50.0,30.0
145,22.0,34.0,50.0,30.0
146,22.0,34.0,50.0,30.0
147,22.0,34.0,50.0,30.0
148,22.0,34.0,50.0,30.0
149,22.0,34.0,50.0,30.0
150,22.0,34.0,50.0,30.0
151,22.0,34.0,50.0,30.0
152,22.0,34.0,50.0,30.0
153,22.0,34.0,50.0,30.0
154,22.0,34.0,50.0,30.0
155,22.0,34.0,50.0,30.0
156,22.0,34.0,51.0,30.0
157,22.0,34.0,51.0,30.0
158,22.0,34.0,51.0,30.0
159,22.0,34.0,51.0,30.0
160,22.0,34.0,51.0,30.0
161,22.0,34.0,51.0,30.0
162,22.0,34.0,51.0,30.0
163,22.0,34.0,51.0,30.0
164,22.0,34.0,51.0,30.0
165,22.0,34.0,51.0,30.0
166,22.0,34.0,51.0,30.0
167,22.0,34.0,51.0,30.0
168,22.0,34.0,51.0,30.0
169,22.0,34.0,51.0,30.0
170,22.0,34.0,51.0,30.0
171,22.0,34.0,51.0,30.0
172,22.0,34.0,51.0,30.0
173,22.0,34.0,51.0,30.0
174,22.0,34.0,51.0,30.0
175,22.0,34.0,51.0,30.0
176,22.0,34.0,51.0,30.0
177,22.0,34.0,51.0,30.0
178,22.0,34.0,51.0,30.0
179,22.0,34.0,51.0,30.0
180,22.0,34.0,51.0,30.0
181,22.0,34.0,51.0,30.0
182,22.0,34.0,51.0,30.0
183,22.0,34.0,51.0,30.0
184,22.0,34.0,57.0,0.0
185,22.0,34.0,57.0,0.0
186,22.0,34.0,57.0,0.0
187,22.0,34.0,57.0,0.0
188,22.0,34.0,57.0,0.0
189,22.0,34.0,57.0,0.0
190,22.0,34.0,57.0,0.0
191,22.0,34.0,57.0,0.0
192,22.0,34.0,57.0,0.0
193,22.0,34.0,57.0,0.0
194,22.0,34.0,57.0,0.0
195,22.0,34.0,57.0,0.0
196,22.0,34.0,14.0,0.0
197,22.0,35.0,15.0,0.0
198,22.0,34.0,16.0,6.0
199,22.0,34.0,30.0,9.0
200,22.0,34.0,29.0,12.0
201,22.0,34.0,41.0,15.0
202,22.0,34.0,45.0,18.0
203,22.0,34.0,45.0,21.0
204,22.0,34.0,45.0,24.0
205,22.0,33.0,45.0,30.0
206,22.0,34.0,45.0,30.0
207,22.0,34.0,44.0,30.0
208,22.0,34.0,44.0,30.0
209,22.0,34.0,44.0,30.0
210,22.0,34.0,44.0,30.0
211,22.0,34.0,44.0,30.0
212,22.0,34.0,44.0,30.0
213,22.0,34.0,44.0,30.0
214,22.0,34.0,44.0,30.0
215,22.0,34.0,44.0,30.0
216,22.0,34.0,44.0,30.0
217,22.0,34.0,44.0,30.0
218,22.0,34.0,44.0,30.0
219,22.0,34.0,43.0,30.0
220,22.0,34.0,43.0,30.0
221,22.0,34.0,43.0,30.0
222,22.0,34.0,43.0,30.0
223,22.0,34.0,43.0,30.0
224,22.0,34.0,43.0,30.0
225,22.0,34.0,43.0,30.0
226,22.0,34.0,43.0,30.0
227,22.0,34.0,43.0,30.0
228,22.0,34.0,43.0,30.0
0,20.0,35.0,79.0,0.0
1,20.0,34.0,79.0,0.0
2,20.0,34.0,79.0,0.0
3,20.0,34.0,79.0,0.0
4,20.0,34.0,79.0,0.0
5,20.0,34.0,79.0,0.0
6,20.0,34.0,79.0,0.0
7,20.0,34.0,79.0,0.0
8,20.0,34.0,79.0,0.0
9,20.0,34.0,79.0,0.0
10,20.0,34.0,79.0,0.0
11,20.0,34.0,79.0,0.0
12,20.0,34.0,79.0,0.0
13,20.0,34.0,79.0,0.0
14,21.0,33.0,79.0,0.0
15,20.0,34.0,79.0,0.0
16,20.0,34.0,79.0,0.0
17,20.0,34.0,79.0,0.0
18,20.0,34.0,79.0,0.0
19,21.0,33.0,79.0,0.0
20,21.0,33.0,79.0,0.0
21,21.0,33.0,79.0,0.0
22,21.0,33.0,79.0,0.0
23,21.0,33.0,79.0,0.0
24,21.0,33.0,79.0,0.0
25,21.0,33.0,79.0,0.0
26,21.0,33.0,64.0,0.0
27,21.0,33.0,66.0,0.0
28,21.0,33.0,66.0,0.0
29,21.0,33.0,66.0,0.0
30,21.0,33.0,65.0,0.0
31,21.0,33.0,65.0,0.0
32,21.0,33.0,64.0,0.0
33,21.0,33.0,64.0,0.0
34,21.0,33.0,64.0,0.0
35,21.0,33.0,64.0,0.0
36,21.0,33.0,64.0,0.0
37,21.0,33.0,64.0,0.0
38,21.0,33.0,64.0,0.0
39,21.0,33.0,65.0,0.0
40,21.0,33.0,65.0,0.0
41,21.0,33.0,65.0,0.0
42,21.0,33.0,65.0,0.0
43,21.0,33.0,65.0,0.0
44,21.0,33.0,65.0,0.0
45,21.0,33.0,65.0,0.0
46,21.0,33.0,65.0,0.0
47,21.0,33.0,65.0,0.0
48,21.0,33.0,65.0,0.0
49,21.0,33.0,65.0,0.0
50,21.0,33.0,66.0,0.0
51,21.0,33.0,66.0,0.0
52,21.0,33.0,66.0,0.0
53,21.0,33.0,66.0,0.0
54,21.0,33.0,66.0,0.0
55,21.0,33.0,66.0,0.0
56,21.0,33.0,66.0,0.0
57,21.0,33.0,66.0,0.0
58,21.0,33.0,66.0,0.0
59,21.0,33.0,66.0,0.0
60,21.0,33.0,66.0,0.0
61,21.0,33.0,66.0,0.0
62,21.0,33.0,66.0,0.0
63,21.0,33.0,66.0,0.0
64,21.0,33.0,66.0,0.0
65,21.0,33.0,66.0,0.0
66,21.0,33.0,66.0,0.0
67,21.0,33.0,66.0,0.0
68,21.0,33.0,66.0,0.0
69,21.0,33.0,66.0,0.0
70,21.0,33.0,66.0,0.0
71,21.0,33.0,66.0,0.0
72,21.0,33.0,66.0,0.0
73,21.0,33.0,66.0,0.0
74,21.0,33.0,66.0,0.0
75,21.0,33.0,66.0,0.0
76,21.0,33.0,66.0,0.0
77,21.0,33.0,66.0,0.0
78,21.0,33.0,66.0,0.0
79,21.0,33.0,67.0,0.0
80,21.0,33.0,67.0,0.0
81,21.0,33.0,67.0,0.0
82,21.0,33.0,67.0,0.0
83,21.0,33.0,67.0,0.0
84,21.0,33.0,67.0,0.0
85,21.0,33.0,67.0,0.0
86,21.0,33.0,67.0,0.0
87,21.0,33.0,67.0,0.0
88,21.0,33.0,67.0,0.0
89,21.0,33.0,67.0,0.0
90,21.0,33.0,67.0,0.0
91,21.0,33.0,67.0,0.0
92,21.0,33.0,67.0,0.0
93,21.0,33.0,67.0,0.0
94,21.0,33.0,67.0,0.0
95,21.0,33.0,67.0,0.0
96,21.0,33.0,67.0,0.0
97,21.0,33.0,67.0,0.0
98,21.0,33.0,67.0,0.0
99,21.0,33.0,67.0,0.0
100,21.0,33.0,67.0,0.0
101,21.0,33.0,67.0,0.0
102,21.0,33.0,68.0,0.0
103,21.0,33.0,68.0,0.0
104,21.0,33.0,68.0,0.0
105,21.0,33.0,68.0,0.0
106,21.0,33.0,68.0,0.0
107,21.0,33.0,68.0,0.0
108,21.0,33.0,68.0,0.0
109,21.0,33.0,68.0,0.0
110,21.0,33.0,68.0,0.0
111,21.0,33.0,68.0,0.0
112,21.0,33.0,68.0,0.0
113,21.0,33.0,68.0,0.0
114,21.0,33.0,68.0,0.0
115,21.0,33.0,68.0,0.0
116,21.0,33.0,68.0,0.0
117,21.0,33.0,68.0,0.0
118,20.0,34.0,68.0,0.0
119,21.0,33.0,68.0,0.0
120,20.0,34.0,68.0,0.0
121,21.0,33.0,68.0,0.0
122,20.0,34.0,68.0,0.0
123,20.0,34.0,68.0,0.0
124,21.0,33.0,68.0,0.0
125,20.0,34.0,68.0,0.0
126,20.0,34.0,68.0,0.0
127,20.0,34.0,68.0,0.0
128,21.0,33.0,68.0,0.0
129,20.0,34.0,68.0,0.0
130,20.0,34.0,68.0,0.0
131,20.0,34.0,68.0,0.0
132,20.0,34.0,68.0,0.0
133,20.0,34.0,68.0,0.0
134,20.0,34.0,68.0,0.0
135,20.0,34.0,68.0,0.0
136,20.0,34.0,68.0,0.0
137,20.0,34.0,68.0,0.0
138,20.0,34.0,68.0,0.0
139,20.0,34.0,68.0,0.0
140,20.0,34.0,68.0,0.0
141,20.0,34.0,68.0,0.0
142,20.0,34.0,68.0,0.0
143,20.0,34.0,68.0,0.0
144,20.0,34.0,68.0,0.0
145,20.0,34.0,68.0,0.0
146,20.0,34.0,68.0,0.0
147,20.0,34.0,68.0,0.0
148,20.0,34.0,68.0,0.0
149,20.0,34.0,68.0,0.0
150,20.0,34.0,68.0,0.0
151,20.0,34.0,68.0,0.0
152,20.0,34.0,68.0,0.0
153,20.0,34.0,68.0,0.0
154,20.0,34.0,68.0,0.0
155,20.0,34.0,68.0,0.0
156,20.0,34.0,68.0,0.0
157,20.0,34.0,68.0,0.0
158,20.0,34.0,68.0,0.0
159,20.0,34.0,68.0,0.0
160,20.0,34.0,68.0,0.0
161,20.0,34.0,68.0,0.0
162,20.0,34.0,68.0,0.0
163,20.0,34.0,68.0,0.0
164,20.0,34.0,68.0,0.0
165,20.0,34.0,68.0,0.0
166,20.0,34.0,68.0,0.0
167,20.0,34.0,68.0,0.0
168,20.0,34.0,68.0,0.0
169,20.0,34.0,68.0,0.0
170,20.0,34.0,68.0,0.0
171,20.0,34.0,68.0,0.0
172,20.0,34.0,68.0,0.0
173,20.0,34.0,68.0,0.0
174,20.0,34.0,68.0,0.0
175,20.0,34.0,68.0,0.0
176,20.0,34.0,68.0,0.0
177,20.0,34.0,68.0,0.0
178,20.0,34.0,68.0,0.0
179,20.0,34.0,68.0,0.0
180,20.0,34.0,68.0,0.0
181,20.0,34.0,68.0,0.0
182,20.0,34.0,69.0,0.0
183,20.0,34.0,68.0,0.0
184,20.0,34.0,68.0,0.0
185,20.0,34.0,68.0,0.0
186,20.0,34.0,68.0,0.0
187,20.0,34.0,68.0,0.0
188,20.0,34.0,68.0,0.0
189,20.0,34.0,68.0,0.0
190,20.0,34.0,68.0,0.0
191,20.0,34.0,69.0,0.0
192,20.0,34.0,68.0,0.0
193,20.0,34.0,69.0,0.0
194,20.0,34.0,69.0,0.0
195,20.0,34.0,69.0,0.0
196,20.0,34.0,69.0,0.0
197,20.0,34.0,69.0,0.0
198,20.0,34.0,69.0,0.0
199,20.0,34.0,69.0,0.0
200,20.0,34.0,69.0,0.0
201,20.0,34.0,69.0,0.0
202,20.0,34.0,69.0,0.0
203,20.0,34.0,69.0,0.0
204,20.0,34.0,69.0,0.0
205,20.0,34.0,69.0,0.0
206,20.0,34.0,69.0,0.0
207,20.0,34.0,69.0,0.0
208,20.0,34.0,69.0,0.0
209,20.0,34.0,69.0,0.0
210,20.0,34.0,69.0,0.0
211,20.0,34.0,69.0,0.0
212,20.0,34.0,69.0,0.0
213,20.0,34.0,69.0,0.0
214,20.0,34.0,69.0,0.0
215,20.0,34.0,69.0,0.0
216,20.0,34.0,69.0,0.0
217,20.0,34.0,69.0,0.0
218,20.0,34.0,68.0,0.0
219,20.0,34.0,69.0,0.0
220,20.0,34.0,69.0,0.0
221,20.0,34.0,69.0,0.0
222,20.0,34.0,68.0,0.0
223,20.0,34.0,68.0,0.0
224,20.0,34.0,68.0,0.0
225,20.0,34.0,68.0,0.0
226,20.0,34.0,69.0,0.0
227,20.0,34.0,68.0,0.0
228,20.0,34.0,69.0,0.0
229,20.0,34.0,68.0,0.0
230,20.0,34.0,68.0,0.0
231,20.0,34.0,69.0,0.0
232,20.0,34.0,69.0,0.0
233,20.0,34.0,69.0,0.0
234,20.0,34.0,68.0,0.0
235,20.0,34.0,68.0,0.0
236,20.0,34.0,68.0,0.0
237,20.0,34.0,68.0,0.0
238,20.0,34.0,69.0,0.0
239,20.0,34.0,69.0,0.0
240,20.0,34.0,69.0,0.0
241,20.0,34.0,68.0,0.0
242,20.0,34.0,68.0,0.0
243,20.0,34.0,68.0,0.0
244,20.0,34.0,68.0,0.0
245,20.0,34.0,68.0,0.0
246,20.0,34.0,68.0,0.0
247,20.0,34.0,68.0,0.0
248,20.0,34.0,68.0,0.0
249,20.0,34.0,68.0,0.0
250,20.0,34.0,68.0,0.0
251,20.0,34.0,68.0,0.0
252,20.0,34.0,68.0,0.0
253,20.0,34.0,68.0,0.0
254,20.0,34.0,68.0,0.0
255,20.0,34.0,68.0,0.0
256,20.0,34.0,68.0,0.0
257,20.0,34.0,68.0,0.0
258,20.0,34.0,68.0,0.0
259,20.0,34.0,68.0,0.0
260,20.0,34.0,68.0,0.0
261,20.0,34.0,68.0,0.0
262,20.0,34.0,67.0,0.0
263,20.0,34.0,67.0,0.0
264,20.0,34.0,67.0,0.0
265,20.0,34.0,67.0,0.0
266,20.0,34.0,67.0,0.0
267,20.0,34.0,68.0,0.0
268,20.0,34.0,68.0,0.0
269,20.0,34.0,68.0,0.0
270,20.0,34.0,68.0,0.0
271,20.0,34.0,68.0,0.0
272,20.0,34.0,68.0,0.0
273,20.0,34.0,68.0,0.0
274,20.0,34.0,68.0,0.0
275,20.0,34.0,68.0,0.0
276,20.0,34.0,68.0,0.0
277,20.0,34.0,68.0,0.0
278,20.0,34.0,70.0,0.0
279,20.0,34.0,76.0,0.0
280,20.0,34.0,78.0,0.0
281,20.0,34.0,76.0,0.0
282,20.0,34.0,76.0,0.0
283,20.0,34.0,76.0,0.0
284,20.0,34.0,76.0,0.0
285,20.0,34.0,76.0,0.0
286,20.0,34.0,76.0,0.0
287,20.0,34.0,76.0,0.0
288,20.0,34.0,77.0,0.0
289,20.0,34.0,74.0,0.0
290,20.0,34.0,60.0,0.0
291,20.0,34.0,59.0,0.0
292,20.0,34.0,59.0,0.0
293,20.0,34.0,60.0,0.0
294,20.0,34.0,60.0,0.0
295,20.0,34.0,61.0,0.0
296,20.0,34.0,61.0,0.0
297,20.0,34.0,61.0,0.0
298,20.0,34.0,61.0,0.0
299,20.0,34.0,61.0,0.0
300,20.0,34.0,61.0,0.0
301,20.0,34.0,62.0,0.0
302,20.0,34.0,62.0,0.0
303,20.0,34.0,62.0,0.0
304,20.0,34.0,62.0,0.0
305,20.0,34.0,62.0,0.0
306,20.0,34.0,62.0,0.0
307,20.0,34.0,62.0,0.0
308,20.0,34.0,62.0,0.0
309,20.0,34.0,62.0,0.0
310,20.0,34.0,62.0,0.0
311,20.0,34.0,62.0,0.0
312,20.0,34.0,62.0,0.0
313,20.0,34.0,62.0,0.0
314,20.0,34.0,62.0,0.0
315,20.0,34.0,62.0,0.0
316,20.0,34.0,62.0,0.0
317,20.0,34.0,61.0,0.0
318,20.0,34.0,61.0,0.0
319,20.0,34.0,61.0,0.0
320,20.0,34.0,61.0,0.0
321,20.0,34.0,62.0,0.0
322,20.0,34.0,62.0,0.0
323,20.0,34.0,62.0,0.0
324,20.0,34.0,62.0,0.0
325,20.0,34.0,62.0,0.0
326,20.0,34.0,62.0,0.0
327,20.0,34.0,62.0,0.0
328,20.0,34.0,61.0,0.0
329,20.0,34.0,61.0,0.0
330,20.0,34.0,61.0,0.0
331,20.0,34.0,61.0,0.0
332,20.0,34.0,61.0,0.0
333,20.0,34.0,61.0,0.0
334,20.0,34.0,61.0,0.0
335,20.0,34.0,61.0,0.0
336,20.0,34.0,61.0,0.0
337,20.0,34.0,61.0,0.0
338,20.0,34.0,61.0,0.0
339,20.0,34.0,77.0,0.0
340,20.0,34.0,13.0,0.0
341,20.0,35.0,12.0,0.0
342,20.0,34.0,7.0,3.0
343,20.0,34.0,5.0,6.0
344,20.0,34.0,5.0,9.0
345,20.0,34.0,4.0,15.0
346,20.0,34.0,4.0,18.0
347,20.0,34.0,4.0,21.0
348,20.0,34.0,4.0,24.0
349,20.0,34.0,4.0,27.0
350,20.0,34.0,4.0,30.0
351,20.0,34.0,4.0,33.0
352,20.0,34.0,4.0,39.0
353,20.0,34.0,4.0,42.0
354,20.0,34.0,4.0,45.0
355,20.0,34.0,4.0,48.0
356,20.0,34.0,5.0,51.0
357,20.0,34.0,5.0,54.0
358,20.0,34.0,5.0,57.0
359,20.0,34.0,5.0,60.0
360,20.0,34.0,5.0,60.0
361,20.0,34.0,5.0,60.0
362,20.0,34.0,5.0,60.0
363,20.0,34.0,5.0,60.0
364,20.0,34.0,5.0,60.0
365,20.0,34.0,5.0,60.0
366,20.0,34.0,5.0,60.0
367,20.0,34.0,6.0,60.0
368,20.0,34.0,6.0,60.0
369,20.0,34.0,6.0,60.0
370,20.0,34.0,6.0,60.0
371,20.0,34.0,6.0,60.0
372,20.0,34.0,6.0,60.0
373,20.0,34.0,6.0,60.0
374,20.0,34.0,6.0,60.0
375,20.0,34.0,6.0,60.0
376,20.0,34.0,6.0,60.0
377,20.0,34.0,6.0,60.0
378,20.0,34.0,6.0,60.0
379,20.0,34.0,6.0,60.0
380,20.0,34.0,6.0,60.0
381,20.0,34.0,6.0,60.0
382,20.0,34.0,6.0,60.0
383,20.0,34.0,7.0,60.0
384,20.0,34.0,7.0,60.0
385,20.0,34.0,7.0,60.0
386,20.0,34.0,7.0,60.0
387,20.0,34.0,7.0,60.0
388,20.0,34.0,7.0,60.0
389,20.0,34.0,7.0,60.0
390,20.0,34.0,7.0,60.0
391,20.0,34.0,7.0,60.0
392,20.0,34.0,7.0,60.0
393,20.0,34.0,7.0,60.0
394,20.0,34.0,7.0,60.0
395,20.0,34.0,7.0,60.0
396,20.0,34.0,7.0,60.0
397,20.0,34.0,7.0,60.0
398,20.0,34.0,7.0,60.0
399,20.0,34.0,7.0,60.0
400,20.0,34.0,7.0,60.0
401,20.0,34.0,7.0,60.0
402,20.0,34.0,7.0,60.0
403,20.0,34.0,7.0,60.0
404,20.0,34.0,7.0,60.0
405,20.0,34.0,7.0,60.0
406,20.0,34.0,7.0,60.0
407,20.0,34.0,7.0,60.0
408,21.0,33.0,7.0,60.0
409,20.0,34.0,7.0,60.0
410,21.0,33.0,7.0,60.0
411,20.0,35.0,7.0,60.0
412,20.0,34.0,7.0,63.0
413,20.0,34.0,7.0,66.0
414,20.0,34.0,7.0,69.0
415,20.0,34.0,7.0,72.0
416,20.0,34.0,7.0,75.0
417,20.0,34.0,7.0,81.0
418,20.0,34.0,7.0,84.0
419,20.0,34.0,7.0,87.0
420,20.0,34.0,7.0,90.0
421,20.0,34.0,7.0,93.0
422,20.0,34.0,7.0,96.0
423,20.0,34.0,7.0,99.0
424,20.0,34.0,7.0,105.0
425,20.0,34.0,7.0,108.0
426,20.0,34.0,7.0,111.0
427,20.0,34.0,7.0,114.0
428,20.0,34.0,7.0,117.0
429,21.0,33.0,7.0,120.0
430,21.0,33.0,7.0,120.0
431,21.0,33.0,7.0,120.0
432,21.0,33.0,7.0,120.0
433,21.0,33.0,7.0,120.0
434,21.0,33.0,7.0,120.0
435,21.0,33.0,7.0,120.0
436,21.0,33.0,7.0,120.0
437,21.0,33.0,7.0,120.0
438,21.0,33.0,7.0,120.0
439,21.0,33.0,7.0,120.0
440,21.0,33.0,7.0,120.0
441,21.0,33.0,7.0,120.0
442,21.0,33.0,7.0,120.0
443,21.0,33.0,7.0,120.0
444,21.0,33.0,7.0,120.0
445,21.0,33.0,6.0,120.0
446,21.0,33.0,6.0,120.0
447,21.0,33.0,7.0,120.0
448,21.0,33.0,6.0,120.0
449,21.0,33.0,6.0,120.0
450,21.0,33.0,6.0,120.0
451,21.0,33.0,6.0,120.0
452,21.0,33.0,6.0,120.0
453,21.0,33.0,6.0,120.0
454,21.0,33.0,6.0,120.0
455,21.0,33.0,6.0,120.0
456,21.0,34.0,6.0,120.0
457,21.0,33.0,6.0,120.0
458,21.0,33.0,6.0,120.0
459,21.0,33.0,6.0,120.0
460,21.0,33.0,6.0,120.0
461,21.0,33.0,6.0,120.0
462,21.0,33.0,6.0,120.0
463,21.0,33.0,6.0,120.0
464,21.0,34.0,6.0,120.0
465,21.0,33.0,6.0,120.0
466,21.0,34.0,6.0,120.0
467,21.0,33.0,6.0,120.0
468,21.0,34.0,6.0,120.0
469,21.0,33.0,6.0,120.0
470,21.0,34.0,6.0,120.0
471,21.0,33.0,6.0,120.0
472,21.0,34.0,6.0,120.0
473,21.0,33.0,6.0,120.0
474,21.0,34.0,6.0,120.0
475,21.0,34.0,6.0,120.0
476,21.0,34.0,6.0,120.0
477,21.0,34.0,6.0,120.0
478,21.0,34.0,6.0,120.0
479,21.0,34.0,6.0,120.0
480,21.0,34.0,6.0,120.0
481,21.0,34.0,6.0,120.0
482,21.0,33.0,6.0,123.0
483,21.0,33.0,6.0,126.0
484,21.0,33.0,6.0,129.0
485,21.0,33.0,6.0,132.0
486,21.0,33.0,6.0,135.0
487,21.0,33.0,6.0,138.0
488,21.0,33.0,6.0,144.0
489,21.0,33.0,6.0,147.0
490,21.0,33.0,6.0,150.0
491,21.0,33.0,6.0,153.0
492,21.0,33.0,6.0,156.0
493,21.0,33.0,6.0,159.0
494,21.0,33.0,6.0,162.0
495,21.0,33.0,5.0,168.0
496,21.0,33.0,1.0,171.0
497,21.0,33.0,80.0,174.0
498,21.0,33.0,78.0,177.0
499,21.0,34.0,78.0,177.0
500,21.0,34.0,79.0,177.0
501,21.0,34.0,79.0,177.0
502,21.0,34.0,79.0,177.0
503,21.0,34.0,79.0,177.0
504,21.0,34.0,80.0,177.0
505,21.0,34.0,80.0,177.0
506,21.0,34.0,80.0,177.0
507,21.0,34.0,0.0,0.0
508,21.0,34.0,0.0,0.0
509,21.0,33.0,0.0,3.0
510,21.0,33.0,0.0,6.0
511,21.0,34.0,0.0,6.0
512,21.0,34.0,0.0,6.0
513,21.0,34.0,0.0,6.0
514,21.0,34.0,0.0,6.0
515,21.0,34.0,0.0,6.0
516,21.0,34.0,0.0,6.0
517,21.0,34.0,0.0,6.0
518,21.0,34.0,0.0,6.0
519,21.0,34.0,0.0,6.0
520,21.0,34.0,0.0,6.0
521,21.0,34.0,0.0,6.0
522,21.0,34.0,0.0,6.0
523,21.0,33.0,0.0,6.0
524,21.0,34.0,0.0,6.0
525,21.0,34.0,0.0,6.0
526,21.0,34.0,0.0,6.0
527,21.0,34.0,0.0,6.0
528,21.0,34.0,0.0,6.0
0,22.0,34.0,46.0,0.0
1,22.0,34.0,46.0,0.0
2,22.0,34.0,45.0,0.0
3,22.0,34.0,45.0,0.0
4,22.0,34.0,45.0,0.0
5,22.0,34.0,45.0,0.0
6,22.0,34.0,45.0,0.0
7,22.0,34.0,45.0,0.0
8,22.0,34.0,44.0,0.0
9,22.0,34.0,44.0,0.0
10,22.0,34.0,44.0,0.0
11,22.0,34.0,44.0,0.0
12,22.0,34.0,44.0,0.0
13,22.0,34.0,44.0,0.0
14,22.0,34.0,44.0,0.0
15,22.0,34.0,44.0,0.0
16,22.0,34.0,44.0,0.0
17,22.0,34.0,44.0,0.0
18,22.0,34.0,44.0,0.0
19,22.0,34.0,44.0,0.0
20,22.0,34.0,44.0,0.0
21,22.0,34.0,44.0,0.0
22,22.0,34.0,44.0,0.0
23,22.0,34.0,43.0,0.0
24,22.0,34.0,43.0,0.0
25,22.0,34.0,44.0,0.0
26,22.0,34.0,43.0,0.0
27,22.0,34.0,43.0,0.0
28,22.0,34.0,43.0,0.0
29,22.0,34.0,43.0,0.0
30,22.0,34.0,43.0,0.0
31,22.0,34.0,43.0,0.0
32,22.0,34.0,43.0,0.0
33,22.0,34.0,43.0,0.0
34,22.0,34.0,43.0,0.0
35,22.0,34.0,43.0,0.0
36,22.0,34.0,43.0,0.0
37,22.0,34.0,43.0,0.0
38,22.0,34.0,43.0,0.0
39,22.0,34.0,43.0,0.0
40,22.0,34.0,43.0,0.0
41,22.0,34.0,43.0,0.0
42,22.0,34.0,43.0,0.0
43,22.0,34.0,43.0,0.0
44,22.0,34.0,43.0,0.0
45,22.0,34.0,43.0,0.0
46,22.0,34.0,43.0,0.0
47,22.0,34.0,43.0,0.0
48,22.0,34.0,43.0,0.0
49,22.0,34.0,43.0,0.0
50,22.0,34.0,43.0,0.0
51,22.0,34.0,43.0,0.0
52,22.0,34.0,43.0,0.0
53,22.0,34.0,42.0,0.0
54,22.0,34.0,42.0,0.0
55,22.0,34.0,42.0,0.0
56,22.0,34.0,42.0,0.0
57,22.0,34.0,43.0,0.0
58,22.0,34.0,43.0,0.0
59,22.0,34.0,42.0,0.0
60,22.0,34.0,42.0,0.0
61,22.0,34.0,42.0,0.0
62,22.0,34.0,42.0,0.0
63,22.0,34.0,42.0,0.0
64,22.0,34.0,42.0,0.0
65,22.0,34.0,42.0,0.0
66,22.0,34.0,42.0,0.0
67,22.0,34.0,42.0,0.0
68,22.0,34.0,42.0,0.0
69,22.0,34.0,42.0,0.0
70,22.0,34.0,42.0,0.0
71,22.0,34.0,42.0,0.0
72,22.0,34.0,42.0,0.0
73,22.0,34.0,42.0,0.0
74,22.0,34.0,42.0,0.0
75,22.0,34.0,42.0,0.0
76,22.0,34.0,42.0,0.0
77,22.0,34.0,45.0,0.0
78,22.0,34.0,52.0,0.0
79,21.0,34.0,54.0,0.0
80,22.0,34.0,55.0,0.0
81,22.0,34.0,54.0,0.0
82,22.0,34.0,54.0,0.0
83,21.0,34.0,54.0,0.0
84,22.0,34.0,54.0,0.0
85,22.0,34.0,54.0,0.0
86,22.0,34.0,53.0,0.0
87,22.0,34.0,53.0,0.0
88,22.0,34.0,53.0,0.0
89,22.0,34.0,53.0,0.0
90,22.0,34.0,53.0,0.0
91,22.0,34.0,53.0,0.0
92,22.0,34.0,53.0,0.0
93,22.0,34.0,53.0,0.0
94,22.0,34.0,53.0,0.0
95,22.0,34.0,53.0,0.0
96,22.0,34.0,53.0,0.0
97,21.0,34.0,52.0,0.0
98,22.0,34.0,52.0,0.0
99,22.0,34.0,53.0,0.0
100,22.0,34.0,53.0,0.0
101,22.0,34.0,52.0,0.0
102,21.0,34.0,52.0,0.0
103,22.0,34.0,52.0,0.0
104,22.0,34.0,52.0,0.0
105,22.0,34.0,52.0,0.0
106,22.0,34.0,52.0,0.0
107,22.0,34.0,52.0,0.0
108,21.0,34.0,52.0,0.0
109,22.0,34.0,52.0,0.0
110,22.0,34.0,52.0,0.0
111,21.0,34.0,52.0,0.0
112,21.0,34.0,52.0,0.0
113,21.0,34.0,52.0,0.0
114,21.0,34.0,52.0,0.0
115,21.0,34.0,52.0,0.0
116,22.0,34.0,52.0,0.0
117,21.0,34.0,52.0,0.0
118,21.0,34.0,51.0,0.0
119,21.0,34.0,52.0,0.0
120,21.0,34.0,52.0,0.0
121,21.0,34.0,52.0,0.0
122,21.0,34.0,51.0,0.0
123,21.0,34.0,51.0,0.0
124,22.0,34.0,51.0,0.0
125,21.0,34.0,51.0,0.0
126,21.0,34.0,51.0,0.0
127,21.0,34.0,52.0,0.0
128,21.0,34.0,51.0,0.0
129,21.0,34.0,51.0,0.0
130,21.0,34.0,51.0,0.0
131,21.0,34.0,51.0,0.0
132,21.0,34.0,51.0,0.0
133,21.0,34.0,51.0,0.0
134,21.0,34.0,51.0,0.0
135,21.0,34.0,51.0,0.0
136,21.0,34.0,51.0,0.0
137,21.0,34.0,51.0,0.0
138,21.0,34.0,51.0,0.0
139,21.0,34.0,51.0,0.0
140,21.0,34.0,51.0,0.0
141,21.0,34.0,51.0,0.0
142,21.0,34.0,51.0,0.0
143,21.0,34.0,51.0,0.0
144,21.0,34.0,51.0,0.0
145,21.0,34.0,51.0,0.0
146,21.0,34.0,50.0,0.0
147,21.0,34.0,50.0,0.0
148,21.0,34.0,50.0,0.0
149,21.0,34.0,51.0,0.0
150,21.0,34.0,50.0,0.0
151,21.0,34.0,65.0,0.0
152,21.0,34.0,66.0,0.0
153,21.0,34.0,74.0,0.0
154,21.0,34.0,71.0,0.0
155,21.0,34.0,71.0,0.0
156,21.0,34.0,71.0,0.0
157,21.0,34.0,70.0,0.0
158,21.0,34.0,70.0,0.0
159,21.0,34.0,70.0,0.0
160,21.0,34.0,70.0,0.0
161,21.0,34.0,70.0,0.0
162,21.0,34.0,70.0,0.0
163,21.0,34.0,70.0,0.0
164,21.0,34.0,70.0,0.0
165,21.0,34.0,70.0,0.0
166,21.0,34.0,70.0,0.0
167,21.0,34.0,70.0,0.0
168,21.0,34.0,70.0,0.0
169,21.0,34.0,70.0,0.0
170,21.0,34.0,70.0,0.0
171,21.0,34.0,70.0,0.0
172,21.0,34.0,70.0,0.0
173,21.0,34.0,70.0,0.0
174,21.0,34.0,70.0,0.0
175,21.0,34.0,70.0,0.0
176,21.0,34.0,70.0,0.0
177,21.0,34.0,70.0,0.0
178,21.0,34.0,69.0,0.0
179,21.0,34.0,69.0,0.0
180,21.0,34.0,69.0,0.0
181,21.0,34.0,69.0,0.0
182,21.0,34.0,69.0,0.0
183,21.0,34.0,69.0,0.0
184,21.0,34.0,69.0,0.0
185,21.0,34.0,69.0,0.0
186,21.0,34.0,69.0,0.0
187,21.0,34.0,69.0,0.0
188,21.0,34.0,69.0,0.0
189,21.0,34.0,69.0,0.0
190,21.0,34.0,69.0,0.0
191,21.0,34.0,69.0,0.0
192,21.0,34.0,69.0,0.0
193,21.0,34.0,69.0,0.0
194,21.0,34.0,1.0,0.0
195,21.0,35.0,8.0,0.0
196,21.0,33.0,7.0,3.0
197,21.0,33.0,6.0,6.0
198,21.0,33.0,6.0,9.0
199,21.0,33.0,6.0,12.0
200,21.0,33.0,6.0,15.0
201,21.0,33.0,6.0,18.0
202,21.0,33.0,6.0,24.0
203,21.0,33.0,6.0,27.0
204,21.0,33.0,6.0,30.0
205,21.0,33.0,6.0,33.0
206,21.0,33.0,6.0,36.0
207,21.0,33.0,6.0,39.0
208,21.0,33.0,6.0,42.0
209,21.0,33.0,6.0,48.0
210,21.0,33.0,6.0,51.0
211,21.0,33.0,6.0,54.0
212,21.0,33.0,6.0,57.0
213,21.0,33.0,7.0,60.0
214,21.0,34.0,7.0,60.0
215,21.0,34.0,7.0,60.0
216,21.0,34.0,7.0,60.0
217,21.0,34.0,7.0,60.0
218,21.0,34.0,7.0,60.0
219,21.0,34.0,7.0,60.0
220,21.0,34.0,7.0,60.0
221,21.0,34.0,7.0,60.0
222,21.0,34.0,7.0,60.0
223,21.0,34.0,7.0,60.0
224,21.0,34.0,7.0,60.0
225,21.0,34.0,7.0,60.0
226,21.0,34.0,7.0,60.0
227,21.0,34.0,7.0,60.0
228,21.0,34.0,7.0,60.0
229,21.0,34.0,7.0,60.0
230,21.0,34.0,7.0,60.0
231,21.0,34.0,7.0,60.0
232,21.0,34.0,7.0,60.0
233,21.0,34.0,7.0,60.0
234,21.0,34.0,7.0,60.0
235,21.0,34.0,7.0,60.0
236,21.0,34.0,7.0,60.0
237,21.0,34.0,7.0,60.0
238,21.0,34.0,7.0,60.0
239,21.0,34.0,7.0,60.0
240,21.0,34.0,7.0,60.0
241,21.0,34.0,7.0,60.0
242,21.0,34.0,7.0,60.0
243,21.0,34.0,7.0,60.0
244,21.0,34.0,7.0,60.0
245,21.0,34.0,7.0,60.0
246,21.0,34.0,7.0,60.0
247,21.0,34.0,7.0,60.0
248,21.0,34.0,7.0,60.0
249,21.0,34.0,7.0,60.0
250,21.0,34.0,7.0,60.0
251,21.0,34.0,7.0,60.0
252,21.0,34.0,7.0,60.0
253,21.0,34.0,7.0,60.0
254,21.0,34.0,7.0,60.0
255,21.0,34.0,7.0,60.0
256,21.0,34.0,7.0,60.0
257,21.0,34.0,7.0,60.0
258,21.0,34.0,7.0,60.0
259,21.0,34.0,7.0,60.0
260,21.0,34.0,7.0,60.0
261,21.0,34.0,7.0,60.0
262,21.0,34.0,7.0,60.0
263,21.0,34.0,7.0,60.0
264,21.0,34.0,7.0,60.0
265,21.0,34.0,7.0,60.0
266,21.0,35.0,7.0,60.0
267,21.0,33.0,7.0,63.0
268,21.0,33.0,7.0,66.0
269,21.0,33.0,7.0,69.0
270,21.0,33.0,7.0,72.0
271,21.0,33.0,7.0,75.0
272,21.0,33.0,7.0,78.0
273,21.0,33.0,7.0,84.0
274,21.0,33.0,7.0,87.0
275,21.0,33.0,7.0,90.0
276,21.0,33.0,7.0,93.0
277,21.0,33.0,7.0,96.0
278,21.0,33.0,7.0,99.0
279,21.0,33.0,7.0,102.0
280,21.0,33.0,7.0,108.0
281,21.0,33.0,7.0,111.0
282,21.0,33.0,7.0,114.0
283,21.0,33.0,7.0,117.0
284,21.0,32.0,7.0,120.0
285,21.0,34.0,7.0,120.0
286,21.0,34.0,7.0,120.0
287,21.0,34.0,7.0,120.0
288,21.0,34.0,7.0,120.0
289,21.0,34.0,7.0,120.0
290,21.0,34.0,7.0,120.0
291,21.0,34.0,7.0,120.0
292,21.0,34.0,7.0,120.0
293,21.0,34.0,7.0,120.0
294,21.0,34.0,7.0,120.0
295,21.0,34.0,7.0,120.0
296,21.0,34.0,7.0,120.0
297,21.0,34.0,7.0,120.0
298,21.0,34.0,7.0,120.0
299,21.0,34.0,7.0,120.0
300,21.0,34.0,7.0,120.0
301,21.0,34.0,7.0,120.0
302,21.0,34.0,7.0,120.0
303,21.0,34.0,7.0,120.0
304,21.0,34.0,7.0,120.0
305,21.0,34.0,7.0,120.0
306,21.0,34.0,7.0,120.0
307,21.0,34.0,7.0,120.0
308,21.0,34.0,7.0,120.0
309,21.0,34.0,7.0,120.0
310,21.0,34.0,7.0,120.0
311,21.0,34.0,7.0,120.0
312,21.0,34.0,7.0,120.0
313,21.0,34.0,7.0,120.0
314,21.0,34.0,7.0,120.0
315,21.0,34.0,7.0,120.0
316,21.0,34.0,7.0,120.0
317,21.0,34.0,7.0,120.0
318,21.0,34.0,7.0,120.0
319,21.0,34.0,7.0,120.0
320,21.0,34.0,7.0,120.0
321,21.0,34.0,7.0,120.0
322,21.0,34.0,7.0,120.0
323,21.0,34.0,7.0,120.0
324,21.0,34.0,7.0,120.0
325,21.0,34.0,7.0,120.0
326,21.0,34.0,7.0,120.0
327,21.0,34.0,7.0,120.0
0,31.0,80.0,75.0,0.0
1,31.0,80.0,71.0,0.0
2,31.0,80.0,72.0,3.0
0,31.0,80.0,70.0,21.0
1,31.0,80.0,73.0,24.0
2,31.0,80.0,75.0,27.0
3,31.0,80.0,71.0,30.0
0,31,80,74,21
1,31,80,73,21
0,31,80,73,42
1,31,80,72,42
2,31,80,71,42
0,31,80,73,42
1,31,80,72,42
2,31,80,71,42
